id_discussion,title,link,score,answer_count,view_count,creation_date,tags
59775128,FLOWABLE: How to change 5 minute default interval of Async job,https://stackoverflow.com/questions/59775128/flowable-how-to-change-5-minute-default-interval-of-async-job,3,3,1044,2020-01-16 12:41:10,flowable
71846931,Monitoring flowable deployment using Promethues stack,https://stackoverflow.com/questions/71846931/monitoring-flowable-deployment-using-promethues-stack,1,2,259,2022-04-12 12:32:32,"kubernetes, prometheus, monitoring, flowable"
68623233,Flowable Multi Instance Call Activity - Output Parameters,https://stackoverflow.com/questions/68623233/flowable-multi-instance-call-activity-output-parameters,1,1,881,2021-08-02 09:21:43,"java, bpmn, flowable"
71599934,Keycloak Integration with Flowable,https://stackoverflow.com/questions/71599934/keycloak-integration-with-flowable,0,1,404,2022-03-24 04:29:54,"spring-boot, spring-security, keycloak, flowable"
55809290,how to get high lighted flows in flowable,https://stackoverflow.com/questions/55809290/how-to-get-high-lighted-flows-in-flowable,1,1,96,2019-04-23 05:33:17,"java, flowable"
69924399,filter flowable list of object by category and group into another list of object in flow,https://stackoverflow.com/questions/69924399/filter-flowable-list-of-object-by-category-and-group-into-another-list-of-object,0,1,1221,2021-11-11 02:09:44,"kotlin, android-room, kotlin-coroutines, android-mvvm, kotlin-stateflow"
71795914,Execute the Flowable workflow by REST API call and get the result,https://stackoverflow.com/questions/71795914/execute-the-flowable-workflow-by-rest-api-call-and-get-the-result,1,1,900,2022-04-08 06:04:59,"spring-boot, rest, synchronized, flowable"
71793006,Jetpack Compose Preview in Android Studio picking up the initial value of flowable and shows an empty List,https://stackoverflow.com/questions/71793006/jetpack-compose-preview-in-android-studio-picking-up-the-initial-value-of-flowab,1,0,507,2022-04-08 02:10:39,"android, android-jetpack-compose"
71738364,RxJava android Flowable retryWhen doesn&#39;t calling onError when occured error at last retry,https://stackoverflow.com/questions/71738364/rxjava-android-flowable-retrywhen-doesnt-calling-onerror-when-occured-error-at,0,1,237,2022-04-04 08:46:23,"android, rx-java2"
71515084,Flowable task vs Http Task,https://stackoverflow.com/questions/71515084/flowable-task-vs-http-task,1,1,318,2022-03-17 10:35:45,flowable
71497550,RxJava Error Handling - How to add error callback on Flowable stream,https://stackoverflow.com/questions/71497550/rxjava-error-handling-how-to-add-error-callback-on-flowable-stream,0,0,230,2022-03-16 07:59:35,rx-java
71391380,How to change Flowable Logo on Spring Boot Application?,https://stackoverflow.com/questions/71391380/how-to-change-flowable-logo-on-spring-boot-application,1,1,310,2022-03-08 02:26:56,"java, spring, workflow, flowable, workflow-engine"
65410331,Unit Testing RxJava Flowable using spock,https://stackoverflow.com/questions/65410331/unit-testing-rxjava-flowable-using-spock,0,2,244,2020-12-22 09:20:51,"unit-testing, rx-java, rx-java2, spock, reactive-streams"
70939204,Flowable correlation catch event happens before data is persisted,https://stackoverflow.com/questions/70939204/flowable-correlation-catch-event-happens-before-data-is-persisted,0,1,263,2022-02-01 05:42:33,"java, activiti, bpmn, camunda, flowable"
63245025,Spring bean injection problem in Flowable service task,https://stackoverflow.com/questions/63245025/spring-bean-injection-problem-in-flowable-service-task,2,2,3087,2020-08-04 05:32:08,"java, spring, bpmn, flowable"
70668163,How to add costume modules in Flowable 6.7.1 and Build it,https://stackoverflow.com/questions/70668163/how-to-add-costume-modules-in-flowable-6-7-1-and-build-it,1,0,41,2022-01-11 09:06:08,flowable
66005026,"LayoutError at /invoice/ Flowable &lt;PmlTable@0x1D09C899130 7 rows x 5 cols(tallest row 841)&gt; with cell(0,0)",https://stackoverflow.com/questions/66005026/layouterror-at-invoice-flowable-pmltable0x1d09c899130-7-rows-x-5-colstalles,2,1,1147,2021-02-02 02:05:22,"python, django, xhtml2pdf"
70567286,Keycloak update role of user not reflect in flowable,https://stackoverflow.com/questions/70567286/keycloak-update-role-of-user-not-reflect-in-flowable,1,0,64,2022-01-03 09:31:19,"keycloak, flowable"
70516341,Flowable: How to enable history cleaning in flowable for more than one tenant,https://stackoverflow.com/questions/70516341/flowable-how-to-enable-history-cleaning-in-flowable-for-more-than-one-tenant,1,0,245,2021-12-29 02:26:55,"spring-boot, flowable"
70492356,Remediation of Apache Log4j Security Vulnerabilities for Flowable,https://stackoverflow.com/questions/70492356/remediation-of-apache-log4j-security-vulnerabilities-for-flowable,2,1,171,2021-12-27 01:35:44,"log4j, flowable"
70353178,How to get data from Flowable to another Flowable?,https://stackoverflow.com/questions/70353178/how-to-get-data-from-flowable-to-another-flowable,0,1,27,2021-12-14 12:30:01,"asynchronous, rx-java, reactivex"
54093038,How to read form fields by formKey from Activiti/Flowable API,https://stackoverflow.com/questions/54093038/how-to-read-form-fields-by-formkey-from-activiti-flowable-api,1,2,2229,2019-01-08 08:37:13,"activiti, bpmn, flowable"
70002796,Flowable Open Source REST API Setup in Ubuntu 18.04,https://stackoverflow.com/questions/70002796/flowable-open-source-rest-api-setup-in-ubuntu-18-04,0,0,139,2021-11-17 05:36:31,"java, tomcat, ubuntu-18.04, flowable"
69640274,Android paging flowable leaking viewmodel and fragment,https://stackoverflow.com/questions/69640274/android-paging-flowable-leaking-viewmodel-and-fragment,0,1,610,2021-10-19 23:19:31,"android, kotlin, memory-leaks, android-paging-3"
69432474,Flowable BPMN with DMN using Java API,https://stackoverflow.com/questions/69432474/flowable-bpmn-with-dmn-using-java-api,0,2,330,2021-10-04 02:41:25,"java, flowable"
69318673,deploying / starting flowable war file on tomcat server mac os,https://stackoverflow.com/questions/69318673/deploying-starting-flowable-war-file-on-tomcat-server-mac-os,0,0,22,2021-09-24 11:54:19,"java, rest, tomcat, flowable"
69204225,Use RxJava Flowable - how to split the emission according to the type of the event,https://stackoverflow.com/questions/69204225/use-rxjava-flowable-how-to-split-the-emission-according-to-the-type-of-the-eve,0,1,140,2021-09-16 02:40:02,"java, firebase, rx-java"
69015462,couldnt create db schema &quot;ACT_RU_IDENTITYLINK&quot; in flowable engine,https://stackoverflow.com/questions/69015462/couldnt-create-db-schema-act-ru-identitylink-in-flowable-engine,0,1,111,2021-09-01 09:14:35,flowable
69043687,How to create a Flowable that updates from multiple data?,https://stackoverflow.com/questions/69043687/how-to-create-a-flowable-that-updates-from-multiple-data,1,1,365,2021-09-03 05:47:23,"android, kotlin, rx-java, flowable"
69015470,RxJava Flowable&lt;List&lt;T&gt;&gt; do operation on each item and then do operation on resulted list,https://stackoverflow.com/questions/69015470/rxjava-flowablelistt-do-operation-on-each-item-and-then-do-operation-on-resu,0,1,235,2021-09-01 09:14:50,"android, rx-java, iterable, flatmap, concatmap"
68943752,Migrate data from MySQL to Flowable,https://stackoverflow.com/questions/68943752/migrate-data-from-mysql-to-flowable,0,1,140,2021-08-26 13:33:04,"mysql, ssis, data-migration, flowable"
68910227,Flowable&lt;List&lt;T&gt;&gt; changes to empty List on Fragment switching back,https://stackoverflow.com/questions/68910227/flowablelistt-changes-to-empty-list-on-fragment-switching-back,0,0,162,2021-08-24 10:39:06,"android, observable, rx-java, android-livedata"
68962919,Flowable project build issue in eclips,https://stackoverflow.com/questions/68962919/flowable-project-build-issue-in-eclips,0,0,57,2021-08-28 04:10:44,"java, eclipse, flowable"
68159197,"Flowable 6, how to get comand context",https://stackoverflow.com/questions/68159197/flowable-6-how-to-get-comand-context,0,1,241,2021-06-28 02:25:28,"activiti, bpmn, flowable"
68161184,"Activiti to Flowable, how to migrate .bpmn files process definition",https://stackoverflow.com/questions/68161184/activiti-to-flowable-how-to-migrate-bpmn-files-process-definition,0,1,143,2021-06-28 04:49:14,"activiti, bpmn, flowable"
68222733,Migrate Activiti 5 BPMN process to Flowable 6,https://stackoverflow.com/questions/68222733/migrate-activiti-5-bpmn-process-to-flowable-6,0,1,223,2021-07-02 04:24:59,"java, bpmn, flowable"
68774914,Unable to start tomcat 9 with flowable war- PUBLIC.ACT_DE_DATABASECHANGELOGLOCK error,https://stackoverflow.com/questions/68774914/unable-to-start-tomcat-9-with-flowable-war-public-act-de-databasechangeloglock,1,1,209,2021-08-13 10:29:39,"tomcat9, flowable"
68670734,Realm Flowable query filtering by the current date,https://stackoverflow.com/questions/68670734/realm-flowable-query-filtering-by-the-current-date,0,1,137,2021-08-05 11:59:18,"android, kotlin, realm"
68657139,Execute Single for each element emitted by Flowable,https://stackoverflow.com/questions/68657139/execute-single-for-each-element-emitted-by-flowable,0,1,188,2021-08-04 14:37:17,"java, kotlin, rx-java"
68530615,Observer onChanged just called once - LiveData + Flowable (LiveDataStreams),https://stackoverflow.com/questions/68530615/observer-onchanged-just-called-once-livedata-flowable-livedatastreams,0,1,170,2021-07-26 08:19:07,"android, rx-java, android-livedata, flowable"
57964401,How to wait until JavaRx2 Flowable will finish all its tasks?,https://stackoverflow.com/questions/57964401/how-to-wait-until-javarx2-flowable-will-finish-all-its-tasks,2,3,986,2019-09-16 16:04:41,"java, multithreading, asynchronous, rx-java2"
68636352,How to mock a Flowable with map and compose?,https://stackoverflow.com/questions/68636352/how-to-mock-a-flowable-with-map-and-compose,0,0,470,2021-08-03 07:48:07,"java, junit, mockito, reactive-programming, rx-java2"
68539908,Flowable load a bytearray column as BLOB,https://stackoverflow.com/questions/68539908/flowable-load-a-bytearray-column-as-blob,0,0,301,2021-07-27 01:23:53,"java, postgresql, mybatis, flowable"
68344456,Split Flowable to multiple groups based on next element in RxJava,https://stackoverflow.com/questions/68344456/split-flowable-to-multiple-groups-based-on-next-element-in-rxjava,0,2,148,2021-07-12 03:49:27,"java, rx-java, rx-java2"
67985344,Flowable Enterprise trial version,https://stackoverflow.com/questions/67985344/flowable-enterprise-trial-version,0,2,275,2021-06-15 06:25:09,flowable
66928783,Creating ProcessDefinition dynamically with Java in Flowable,https://stackoverflow.com/questions/66928783/creating-processdefinition-dynamically-with-java-in-flowable,0,1,212,2021-04-03 02:37:19,"java, bpmn, flowable"
67052659,Is there any way to set skip expression of task using java code in flowable or any dynamic way to set skip expression of task,https://stackoverflow.com/questions/67052659/is-there-any-way-to-set-skip-expression-of-task-using-java-code-in-flowable-or-a,0,1,433,2021-04-11 23:27:22,flowable
67336233,How to emit an item while waiting another Flowable to emit,https://stackoverflow.com/questions/67336233/how-to-emit-an-item-while-waiting-another-flowable-to-emit,0,2,346,2021-04-30 10:07:51,"java, observable, reactive-programming, rx-java3"
67440637,How to combine two flowable and get only same emission values?,https://stackoverflow.com/questions/67440637/how-to-combine-two-flowable-and-get-only-same-emission-values,0,1,440,2021-05-07 14:26:27,"kotlin, rx-java, rx-java2"
51667657,How to unsubscribe from Flowable in RxKotlin/RxJava?,https://stackoverflow.com/questions/51667657/how-to-unsubscribe-from-flowable-in-rxkotlin-rxjava,0,4,3181,2018-08-03 02:44:25,"android-fragments, rx-java, rx-java2, rx-android, rx-kotlin2"
61780147,Flowable bpmn access Spring beans inside groovy script,https://stackoverflow.com/questions/61780147/flowable-bpmn-access-spring-beans-inside-groovy-script,0,2,965,2020-05-13 11:42:03,"groovy, flowable"
67965503,Flowable to perform task and return value using RxJava ReactiveX,https://stackoverflow.com/questions/67965503/flowable-to-perform-task-and-return-value-using-rxjava-reactivex,0,1,586,2021-06-14 01:05:43,"java, rx-java, rx-java2, micronaut, reactivex"
49590127,RxJava subscribe Subject to Flowable,https://stackoverflow.com/questions/49590127/rxjava-subscribe-subject-to-flowable,3,1,3600,2018-03-31 11:44:15,rx-java2
67130089,"Print Elements on buffer, Flowable rxJava",https://stackoverflow.com/questions/67130089/print-elements-on-buffer-flowable-rxjava,0,0,291,2021-04-16 12:59:02,"java, rx-java, rx-java3"
66642016,Flowable runtimeService.startProcessInstanceByKey(&#39;MY_SUBPROCESS_KEY&#39;) executes but superProcessId null,https://stackoverflow.com/questions/66642016/flowable-runtimeservice-startprocessinstancebykeymy-subprocess-key-executes,0,1,205,2021-03-15 11:37:24,"javascript, java, bpmn, flowable"
66506281,Why doesn&#39;t my Android ViewModel&#39;s Room RxJava3 Flowable publish any result when my Activity is paused?,https://stackoverflow.com/questions/66506281/why-doesnt-my-android-viewmodels-room-rxjava3-flowable-publish-any-result-when,2,1,278,2021-03-06 08:40:43,"android-room, android-lifecycle, android-viewmodel, rx-java3"
66562033,Flowable to perform task and return List of String Rx Java ReactiveX,https://stackoverflow.com/questions/66562033/flowable-to-perform-task-and-return-list-of-string-rx-java-reactivex,0,1,409,2021-03-10 04:41:17,"java, rx-java, rx-java2, reactivex, rx-java3"
66569243,Respecting backpressure when a Flowable creates work via a hot observer,https://stackoverflow.com/questions/66569243/respecting-backpressure-when-a-flowable-creates-work-via-a-hot-observer,0,0,57,2021-03-10 11:46:53,"rx-java, reactive-programming, fileupdate"
66457719,How to get results from a completed process instance in Flowable?,https://stackoverflow.com/questions/66457719/how-to-get-results-from-a-completed-process-instance-in-flowable,0,1,862,2021-03-03 08:08:05,flowable
66513357,Do then and finally with Flowable reactive x Java,https://stackoverflow.com/questions/66513357/do-then-and-finally-with-flowable-reactive-x-java,0,1,172,2021-03-07 00:00:22,"java, rx-java, rx-java2, reactivex, rx-java3"
66356884,What is/ how to select &quot;prefetch&quot; for parallel flowable?,https://stackoverflow.com/questions/66356884/what-is-how-to-select-prefetch-for-parallel-flowable,0,0,106,2021-02-24 13:36:40,"rx-java2, rx-java3"
66217262,What&#39;s the easiest way to get a list from a Flowable in java?,https://stackoverflow.com/questions/66217262/whats-the-easiest-way-to-get-a-list-from-a-flowable-in-java,0,1,342,2021-02-15 19:33:14,"java, android, rx-java, reactive-programming"
66177520,Where to put reused values used for every emission in Observable/ Flowable?,https://stackoverflow.com/questions/66177520/where-to-put-reused-values-used-for-every-emission-in-observable-flowable,0,1,58,2021-02-12 13:54:06,"android, rx-java, rx-java2"
49019225,RxJava2 Convert Flowable to Single,https://stackoverflow.com/questions/49019225/rxjava2-convert-flowable-to-single,13,2,16115,2018-02-27 17:49:33,"android, rx-java2"
65569246,Slowing down RxJava3 Flowable with Resilience4j RateLimiter,https://stackoverflow.com/questions/65569246/slowing-down-rxjava3-flowable-with-resilience4j-ratelimiter,0,1,166,2021-01-04 15:17:51,"rx-java, resilience4j, rx-java3"
65363448,Converting a Future&lt;void&gt; into RxJava Observable or Flowable,https://stackoverflow.com/questions/65363448/converting-a-futurevoid-into-rxjava-observable-or-flowable,3,1,449,2020-12-18 15:22:18,"android, rx-java2, android-workmanager"
65181894,NullPointerException on turning Flowable into LiveData using LiveDataReactiveStreams,https://stackoverflow.com/questions/65181894/nullpointerexception-on-turning-flowable-into-livedata-using-livedatareactivestr,0,1,741,2020-12-07 07:39:00,"android, rx-java2, android-livedata, rx-android, android-jetpack"
64686745,RxJava2 Flowable that emits results of multiple network calls without using create?,https://stackoverflow.com/questions/64686745/rxjava2-flowable-that-emits-results-of-multiple-network-calls-without-using-crea,1,1,113,2020-11-04 14:45:52,"kotlin, rx-java2"
64451859,How to call multiple Flowable statements in parallel?,https://stackoverflow.com/questions/64451859/how-to-call-multiple-flowable-statements-in-parallel,0,1,583,2020-10-20 14:11:05,"java, concurrency, rx-java, rx-java2"
64328803,How to convert an flowable list to new flowable list with cummulative sum of previous item,https://stackoverflow.com/questions/64328803/how-to-convert-an-flowable-list-to-new-flowable-list-with-cummulative-sum-of-pre,0,1,574,2020-10-13 00:01:57,"android, kotlin, rx-java, rx-android"
64212270,Retrieve variables from flowable runtime service using springboot,https://stackoverflow.com/questions/64212270/retrieve-variables-from-flowable-runtime-service-using-springboot,1,1,698,2020-10-05 11:06:06,"spring-boot, flowable"
64116264,Flowable delegateExpression in service task is not working,https://stackoverflow.com/questions/64116264/flowable-delegateexpression-in-service-task-is-not-working,0,1,931,2020-09-29 04:02:30,"javabeans, autowired, flowable"
63733494,Flowable CMMN planitem reenter?,https://stackoverflow.com/questions/63733494/flowable-cmmn-planitem-reenter,0,1,38,2020-09-03 19:56:41,flowable
64090313,how to handle browser close case (action/event) on RxJava2 Flowable with SSE (Server-Sent-Events),https://stackoverflow.com/questions/64090313/how-to-handle-browser-close-case-action-event-on-rxjava2-flowable-with-sse-se,1,1,160,2020-09-27 10:42:36,"rx-java2, publish, server-sent-events, reactive-streams"
61414463,What are the Mutiny equivalents to Publisher and Flowable in RxJava2,https://stackoverflow.com/questions/61414463/what-are-the-mutiny-equivalents-to-publisher-and-flowable-in-rxjava2,1,2,570,2020-04-24 12:51:43,"rx-java2, smallrye"
63488626,Room @Transaction not working with Flowable,https://stackoverflow.com/questions/63488626/room-transaction-not-working-with-flowable,0,1,969,2020-08-19 08:57:26,"java, android, kotlin, android-room, rx-java2"
63277170,"Spring Flowable Vs State Machine, which one to use",https://stackoverflow.com/questions/63277170/spring-flowable-vs-state-machine-which-one-to-use,4,0,498,2020-08-06 00:05:58,"spring, spring-statemachine"
63200532,How to throttle requests to a cold flowable upstream,https://stackoverflow.com/questions/63200532/how-to-throttle-requests-to-a-cold-flowable-upstream,0,1,174,2020-07-31 19:12:17,"rx-java, rx-java2"
63088675,Delay Element in RxJava Flowable,https://stackoverflow.com/questions/63088675/delay-element-in-rxjava-flowable,1,1,636,2020-07-25 08:05:37,"rx-java, project-reactor, rx-java3"
62985598,Flowable ignores Subscription.request when groupBy operator is used,https://stackoverflow.com/questions/62985598/flowable-ignores-subscription-request-when-groupby-operator-is-used,0,0,90,2020-07-19 15:59:17,"java, reactive-programming, reactive-streams, rx-java3"
62274627,Is there a way to connect jar to flowable admin,https://stackoverflow.com/questions/62274627/is-there-a-way-to-connect-jar-to-flowable-admin,0,1,70,2020-06-08 22:39:05,"bpmn, flowable"
62284488,is it possible to change case model cmmn in flowable to another while processing,https://stackoverflow.com/questions/62284488/is-it-possible-to-change-case-model-cmmn-in-flowable-to-another-while-processing,1,1,77,2020-06-09 09:02:52,"java, spring, jdbc, flowable"
62812009,Restart flowable process from jms message listener,https://stackoverflow.com/questions/62812009/restart-flowable-process-from-jms-message-listener,0,1,262,2020-07-09 04:42:11,"spring-boot, spring-jms, bpmn, flowable"
62716365,Flowable - sending signal for legacy in-flight processes fail,https://stackoverflow.com/questions/62716365/flowable-sending-signal-for-legacy-in-flight-processes-fail,1,0,74,2020-07-03 08:23:00,"activiti, flowable"
51403259,How to install Flowable designer in Eclipse Kepler,https://stackoverflow.com/questions/51403259/how-to-install-flowable-designer-in-eclipse-kepler,0,2,1497,2018-07-18 08:27:40,"eclipse, flowable"
62516369,Android Room flowable emits multiple times,https://stackoverflow.com/questions/62516369/android-room-flowable-emits-multiple-times,1,0,711,2020-06-22 09:09:27,"android, kotlin, rx-java, android-room, android-livedata"
62146405,How to avoid unnecessary re-rendering of RecyclerView when using Flowable (RxJava)?,https://stackoverflow.com/questions/62146405/how-to-avoid-unnecessary-re-rendering-of-recyclerview-when-using-flowable-rxjav,0,1,173,2020-06-02 01:53:24,"android, retrofit2, rx-java, android-room"
62022380,How to change password of `admin` account in `flowable-design` for publishing app?,https://stackoverflow.com/questions/62022380/how-to-change-password-of-admin-account-in-flowable-design-for-publishing-ap,0,1,432,2020-05-26 07:40:11,flowable
62005402,How to assign string identifiers selected in form to sub-processes in Flowable 3.6.1?,https://stackoverflow.com/questions/62005402/how-to-assign-string-identifiers-selected-in-form-to-sub-processes-in-flowable-3,0,1,144,2020-05-25 10:13:25,flowable
61979862,Flowable: Where is the claim button?,https://stackoverflow.com/questions/61979862/flowable-where-is-the-claim-button,0,1,138,2020-05-23 18:30:06,flowable
61905056,RxJava - how to use methods from type referenced by Flowable?,https://stackoverflow.com/questions/61905056/rxjava-how-to-use-methods-from-type-referenced-by-flowable,0,1,18,2020-05-19 23:20:18,rx-java2
61909504,how to fix subscribeOn (io.reactivex.Schedular) in Flowable cannot be applied to (rx.scheduler),https://stackoverflow.com/questions/61909504/how-to-fix-subscribeon-io-reactivex-schedular-in-flowable-cannot-be-applied-to,0,0,255,2020-05-20 04:23:37,"android, kotlin, rx-java, rx-java2"
61896505,Can I allow multiple http clients to consume a Flowable stream of data with resteasy-rxjava2 / quarkus?,https://stackoverflow.com/questions/61896505/can-i-allow-multiple-http-clients-to-consume-a-flowable-stream-of-data-with-rest,1,0,103,2020-05-19 11:51:12,"jax-rs, rx-java, rx-java2, resteasy, quarkus"
61783497,Testing RxJava: AdvanceTime not working in simple deferred flowable,https://stackoverflow.com/questions/61783497/testing-rxjava-advancetime-not-working-in-simple-deferred-flowable,2,1,219,2020-05-13 14:42:47,"unit-testing, kotlin, rx-java2"
61377933,RxJava disposing Observable/Flowable in a microservice Server project,https://stackoverflow.com/questions/61377933/rxjava-disposing-observable-flowable-in-a-microservice-server-project,0,0,223,2020-04-22 20:41:03,"server, rx-java, rx-java2, rx-java3"
61339619,Flowable not creating the directory in AKS volume for uploaded file,https://stackoverflow.com/questions/61339619/flowable-not-creating-the-directory-in-aks-volume-for-uploaded-file,1,0,180,2020-04-21 03:57:35,"kubernetes, azure-aks, flowable"
61160362,How to recursively generate an RxJava Flowable using operators vended in the core lib?,https://stackoverflow.com/questions/61160362/how-to-recursively-generate-an-rxjava-flowable-using-operators-vended-in-the-cor,1,1,327,2020-04-11 11:47:55,"kotlin, rx-java"
61287445,Set return data from Flowable not working in Android,https://stackoverflow.com/questions/61287445/set-return-data-from-flowable-not-working-in-android,0,1,178,2020-04-18 05:11:10,"android, rx-java2, rx-android"
61125196,Android Retrofit + Rxjava flowable completes too early,https://stackoverflow.com/questions/61125196/android-retrofit-rxjava-flowable-completes-too-early,0,1,768,2020-04-09 10:55:34,"android, spring-boot, retrofit2, rx-java2, flowable"
60946298,Page break in Adobe LiveCycle with flowable content,https://stackoverflow.com/questions/60946298/page-break-in-adobe-livecycle-with-flowable-content,0,1,1281,2020-03-31 03:29:10,"adobe, livecycle-designer"
60925265,Flowable-idm not able to provide access to access Privileges to group,https://stackoverflow.com/questions/60925265/flowable-idm-not-able-to-provide-access-to-access-privileges-to-group,0,0,434,2020-03-30 01:39:51,"docker, ldap, flowable"
60782897,"Split a Flowable in 2, process 2 streams, but one depends on the other?",https://stackoverflow.com/questions/60782897/split-a-flowable-in-2-process-2-streams-but-one-depends-on-the-other,0,1,242,2020-03-20 18:28:14,"rx-java, rx-java2"
60587478,How to display Flowable data on a Textview in Room Database using Rxjava2,https://stackoverflow.com/questions/60587478/how-to-display-flowable-data-on-a-textview-in-room-database-using-rxjava2,0,1,306,2020-03-08 07:30:50,"java, android, rx-java2, android-room"
60677943,How to fetch User object for each id in Flowable&lt;List&lt;String&gt;&gt;,https://stackoverflow.com/questions/60677943/how-to-fetch-user-object-for-each-id-in-flowableliststring,0,1,155,2020-03-13 17:21:25,"android, kotlin, rx-java, rx-java2"
60618768,How to test a Flowable that has a subscription?,https://stackoverflow.com/questions/60618768/how-to-test-a-flowable-that-has-a-subscription,0,2,225,2020-03-10 08:36:24,"unit-testing, rx-java"
60567165,Thread interrupts in buffered Flowable after Emitter.onComplete,https://stackoverflow.com/questions/60567165/thread-interrupts-in-buffered-flowable-after-emitter-oncomplete,0,1,42,2020-03-06 10:30:30,rx-java
60472607,Buffering result from Flowable,https://stackoverflow.com/questions/60472607/buffering-result-from-flowable,1,1,24,2020-03-01 01:34:21,"java, rx-java, rx-java2"
60150143,Is there an adaptor available from Reactor Flux or RxJava2 Observable/Flowable to AkkaStreams Source?,https://stackoverflow.com/questions/60150143/is-there-an-adaptor-available-from-reactor-flux-or-rxjava2-observable-flowable-t,0,1,697,2020-02-10 07:09:01,"akka, rx-java, project-reactor, akka-stream, reactor"
60118104,RxJava 2 Flowable forEach() vs subscribe(),https://stackoverflow.com/questions/60118104/rxjava-2-flowable-foreach-vs-subscribe,0,0,355,2020-02-07 12:11:30,"java, reactive-programming, rx-java2"
60039814,How to convert Flow into Flowable?,https://stackoverflow.com/questions/60039814/how-to-convert-flow-into-flowable,1,1,2045,2020-02-03 08:03:47,"kotlin, rx-java2, kotlin-coroutines"
54774233,Access to JSON values of array (Flowable ),https://stackoverflow.com/questions/54774233/access-to-json-values-of-array-flowable,0,3,554,2019-02-19 15:13:05,flowable
59987275,Reactive (rxjava) question on Maybe&lt;List&gt; vs Flowable etc,https://stackoverflow.com/questions/59987275/reactive-rxjava-question-on-maybelist-vs-flowable-etc,0,1,218,2020-01-30 08:34:08,"rx-java, reactive-programming, rx-java2"
59963787,Flowable To LiveData through LiveDataReactiveStreams doesn&#39;t work,https://stackoverflow.com/questions/59963787/flowable-to-livedata-through-livedatareactivestreams-doesnt-work,0,0,127,2020-01-29 04:12:36,"android, rx-java2, android-room, android-livedata"
59699286,Flowable in room,https://stackoverflow.com/questions/59699286/flowable-in-room,3,2,1643,2020-01-11 17:41:57,"java, android, rx-java, android-room"
59792449,"Performing operation on each element of a list, returning a Flowable",https://stackoverflow.com/questions/59792449/performing-operation-on-each-element-of-a-list-returning-a-flowable,0,1,103,2020-01-17 12:44:03,"kotlin, rx-java"
59752373,Does take(1) stop the upstream flowable doing work?,https://stackoverflow.com/questions/59752373/does-take1-stop-the-upstream-flowable-doing-work,0,0,365,2020-01-15 08:25:02,"rx-java, rx-java2, rx-android"
59739553,Flow does not continue after flowable exception,https://stackoverflow.com/questions/59739553/flow-does-not-continue-after-flowable-exception,0,1,851,2020-01-14 13:13:49,"java, spring-boot, bpmn, flowable"
59707163,How to stop a Flowable from emitting more items,https://stackoverflow.com/questions/59707163/how-to-stop-a-flowable-from-emitting-more-items,1,1,601,2020-01-12 14:00:21,"android, rx-java, android-room"
59537035,RxJava2 Flowable : send objects to server on by one and detect end,https://stackoverflow.com/questions/59537035/rxjava2-flowable-send-objects-to-server-on-by-one-and-detect-end,1,3,364,2019-12-30 16:27:37,"android, rx-java2"
59682068,Window flowable based on a property,https://stackoverflow.com/questions/59682068/window-flowable-based-on-a-property,0,1,88,2020-01-10 07:50:27,"java, kotlin, rx-java, reactive-programming"
59573283,How to create a flowable transaction in Room which is having different Object types?,https://stackoverflow.com/questions/59573283/how-to-create-a-flowable-transaction-in-room-which-is-having-different-object-ty,0,1,64,2020-01-02 23:40:07,"android, transactions, rx-java, rx-java2, android-room"
59490092,How to increase limit from 20000 variables in REST API in flowable?,https://stackoverflow.com/questions/59490092/how-to-increase-limit-from-20000-variables-in-rest-api-in-flowable,0,0,357,2019-12-26 10:01:21,"activiti, bpmn, flowable"
59424716,How to wait for flowable onComplete?,https://stackoverflow.com/questions/59424716/how-to-wait-for-flowable-oncomplete,2,2,893,2019-12-20 06:40:41,"java, rx-java2"
59417278,Operator on RxJava Observable/Flowable to delay emission by n items,https://stackoverflow.com/questions/59417278/operator-on-rxjava-observable-flowable-to-delay-emission-by-n-items,1,1,181,2019-12-19 16:47:56,"java, rx-java, reactive-programming, rx-java2"
55333541,What is the difference between class and delegate expression in Flowable,https://stackoverflow.com/questions/55333541/what-is-the-difference-between-class-and-delegate-expression-in-flowable,2,1,2203,2019-03-25 03:09:31,"bpmn, flowable"
59378790,How to properly close a flowable and close response body using rxjava and retrofit,https://stackoverflow.com/questions/59378790/how-to-properly-close-a-flowable-and-close-response-body-using-rxjava-and-retrof,0,1,330,2019-12-17 11:55:05,"retrofit2, rx-java2"
42525623,RxJava 2.x: Should I use Flowable or Single/Completable?,https://stackoverflow.com/questions/42525623/rxjava-2-x-should-i-use-flowable-or-single-completable,41,6,15726,2017-03-01 02:25:38,"java, android, reactive-programming, rx-java2"
59377788,How to convert a nullable flowable to LiveData,https://stackoverflow.com/questions/59377788/how-to-convert-a-nullable-flowable-to-livedata,0,2,160,2019-12-17 10:51:56,kotlin
59366335,How to get list of object from flowable object using RxJava,https://stackoverflow.com/questions/59366335/how-to-get-list-of-object-from-flowable-object-using-rxjava,0,1,1067,2019-12-16 20:15:22,"android, rx-java"
59295417,Get headers from a Flowable response using the Micronaut Declarative Client,https://stackoverflow.com/questions/59295417/get-headers-from-a-flowable-response-using-the-micronaut-declarative-client,0,1,576,2019-12-11 18:00:24,"grails, micronaut"
55623588,Incorrect code generation from room @Query when using Flowable/Observable,https://stackoverflow.com/questions/55623588/incorrect-code-generation-from-room-query-when-using-flowable-observable,5,2,1467,2019-04-10 20:55:59,"android, rx-java2, android-room"
59175700,How to return error from Rxjava Flowable when using LiveDataReactiveStreams?,https://stackoverflow.com/questions/59175700/how-to-return-error-from-rxjava-flowable-when-using-livedatareactivestreams,1,1,353,2019-12-04 07:07:37,"android, rx-java2, android-livedata"
52140410,rx - Conditional flatMap / add condition to flowable boolean,https://stackoverflow.com/questions/52140410/rx-conditional-flatmap-add-condition-to-flowable-boolean,1,3,2591,2018-09-02 14:33:45,"kotlin, rxjs, rx-java, rx-java2, rx-kotlin"
58962113,RxJava: how to process Flowable interactively from console,https://stackoverflow.com/questions/58962113/rxjava-how-to-process-flowable-interactively-from-console,3,1,449,2019-11-20 14:39:09,"java, console, rx-java, backpressure"
59037681,Observing change in fragment backstack entry count with Flowable,https://stackoverflow.com/questions/59037681/observing-change-in-fragment-backstack-entry-count-with-flowable,0,2,272,2019-11-25 13:03:16,"android, rx-java2"
58613594,Is RxJava 2 Flowable hot or cold?,https://stackoverflow.com/questions/58613594/is-rxjava-2-flowable-hot-or-cold,3,1,1424,2019-10-29 13:43:29,"observable, rx-java"
58990234,How to replace Flowable with another without resubscribing,https://stackoverflow.com/questions/58990234/how-to-replace-flowable-with-another-without-resubscribing,0,1,75,2019-11-22 03:27:42,"java, rx-java2"
58757180,Improving performance when using RxJava flowable to handle Android Room queries,https://stackoverflow.com/questions/58757180/improving-performance-when-using-rxjava-flowable-to-handle-android-room-queries,0,1,1019,2019-11-07 16:30:41,"android, kotlin, rx-java, android-room"
58772661,Deploy Flowable workflow programmtically,https://stackoverflow.com/questions/58772661/deploy-flowable-workflow-programmtically,4,1,505,2019-11-08 14:25:55,"java, spring-boot, flowable"
58459178,RxJava Flowable cache to Single deadlock,https://stackoverflow.com/questions/58459178/rxjava-flowable-cache-to-single-deadlock,1,1,310,2019-10-18 18:15:52,"java, java-8, rx-java, rx-java2, reactive-streams"
58251680,How to filter Livedata or Rxjava flowable,https://stackoverflow.com/questions/58251680/how-to-filter-livedata-or-rxjava-flowable,1,1,837,2019-10-05 14:32:18,"android, rx-java, rx-java2, android-livedata"
58008980,RxJava2 Flowable distinguish the last element,https://stackoverflow.com/questions/58008980/rxjava2-flowable-distinguish-the-last-element,1,1,430,2019-09-19 05:27:35,"java, rx-java, rx-java2"
58099486,Flowable bpmn: configure parent id for sub tasks in a process,https://stackoverflow.com/questions/58099486/flowable-bpmn-configure-parent-id-for-sub-tasks-in-a-process,1,0,255,2019-09-25 08:24:53,"java, bpmn, flowable"
58062927,suspend the flowable process flow at user task,https://stackoverflow.com/questions/58062927/suspend-the-flowable-process-flow-at-user-task,1,1,802,2019-09-23 07:54:06,"java, spring-boot, activiti, flowable"
57978123,How to obtain onComplete with Room Flowable&lt;List&lt;Item&gt;&gt;?,https://stackoverflow.com/questions/57978123/how-to-obtain-oncomplete-with-room-flowablelistitem,0,1,180,2019-09-17 11:05:18,"android, rx-java2, android-room"
57978933,Flowable subcribe gets empty list after inserting records,https://stackoverflow.com/questions/57978933/flowable-subcribe-gets-empty-list-after-inserting-records,0,0,84,2019-09-17 12:01:32,"android, rx-java2, android-mvvm"
57925703,Flowable Events are not in sequence (i.e. not in order),https://stackoverflow.com/questions/57925703/flowable-events-are-not-in-sequence-i-e-not-in-order,0,0,43,2019-09-13 09:38:38,"android, kotlin, rx-java2"
57342171,Why is flowable not returning any data if no object is found,https://stackoverflow.com/questions/57342171/why-is-flowable-not-returning-any-data-if-no-object-is-found,0,2,275,2019-08-03 16:19:21,"android, android-room"
57769358,FLOWABLE: Authenticating flowable-task from another application via rest call,https://stackoverflow.com/questions/57769358/flowable-authenticating-flowable-task-from-another-application-via-rest-call,1,1,1097,2019-09-03 05:00:12,flowable
57652588,Flowable Docker 6.4.2: NullPointerException when saving BPMN,https://stackoverflow.com/questions/57652588/flowable-docker-6-4-2-nullpointerexception-when-saving-bpmn,0,1,132,2019-08-26 01:08:51,flowable
57388952,FLOWABLE: Executing Service Tasks from java code without using xml,https://stackoverflow.com/questions/57388952/flowable-executing-service-tasks-from-java-code-without-using-xml,4,1,1838,2019-08-07 02:20:55,flowable
56368361,rx-java2: repeat Maybe/Flowable unless empty,https://stackoverflow.com/questions/56368361/rx-java2-repeat-maybe-flowable-unless-empty,1,1,379,2019-05-29 15:53:51,"java, kotlin, rx-java2"
57563654,Flowable not returning value from Room DB,https://stackoverflow.com/questions/57563654/flowable-not-returning-value-from-room-db,0,0,169,2019-08-19 15:39:00,"android, kotlin, rx-java2, android-room"
57272581,Flowable&lt;List&lt;T&gt;&gt; to List&lt;T&gt;,https://stackoverflow.com/questions/57272581/flowablelistt-to-listt,0,1,328,2019-07-30 08:12:50,"android, kotlin, observable"
57316195,How to transform elements of a Flowable using information from a Single,https://stackoverflow.com/questions/57316195/how-to-transform-elements-of-a-flowable-using-information-from-a-single,0,1,30,2019-08-01 14:57:29,rx-java2
57189694,Creating a Flowable equivliant with Kotlin Coroutines,https://stackoverflow.com/questions/57189694/creating-a-flowable-equivliant-with-kotlin-coroutines,0,1,1089,2019-07-24 14:06:49,"android, kotlin"
57071456,RxJava2 Convert result of map to Flowable?,https://stackoverflow.com/questions/57071456/rxjava2-convert-result-of-map-to-flowable,0,1,606,2019-07-17 03:15:22,"java, android, rx-java2, rx-android"
55696029,How to control of UI (e.g. Vaadin) through &quot;camunda&quot; or &quot;flowable&quot; bpms?,https://stackoverflow.com/questions/55696029/how-to-control-of-ui-e-g-vaadin-through-camunda-or-flowable-bpms,2,2,1008,2019-04-15 14:25:44,"vaadin, camunda, business-process-management, flowable"
56833436,Maven dependency not exist for flowable,https://stackoverflow.com/questions/56833436/maven-dependency-not-exist-for-flowable,1,1,615,2019-07-01 04:48:08,"java, maven, activiti, flowable"
56668015,How to return response after start event in Flowable with Spring Boot,https://stackoverflow.com/questions/56668015/how-to-return-response-after-start-event-in-flowable-with-spring-boot,1,1,958,2019-06-19 07:46:46,"java, spring, spring-boot, flowable"
56786352,How to unwrap a Single&lt;Flowable&lt;Sample&gt;&gt; to Flowable&lt;Sample&gt;?,https://stackoverflow.com/questions/56786352/how-to-unwrap-a-singleflowablesample-to-flowablesample,0,0,389,2019-06-27 02:47:54,"json, kotlin, jackson, rx-java, rx-java2"
56829324,Calling the map function on a Flowable of type Result throws a ClassCastException,https://stackoverflow.com/questions/56829324/calling-the-map-function-on-a-flowable-of-type-result-throws-a-classcastexceptio,2,1,658,2019-06-30 21:05:52,"generics, kotlin, rx-java2"
56747580,How to know that flowable throws exception in flow,https://stackoverflow.com/questions/56747580/how-to-know-that-flowable-throws-exception-in-flow,1,0,80,2019-06-25 00:48:34,"activiti, flowable"
56527736,Convert Files.walk to rxjava Flowable,https://stackoverflow.com/questions/56527736/convert-files-walk-to-rxjava-flowable,1,1,125,2019-06-10 08:49:57,rx-java2
56449143,Micronaut map empty Flowable to 404,https://stackoverflow.com/questions/56449143/micronaut-map-empty-flowable-to-404,0,2,612,2019-06-04 13:00:42,"java, kotlin, rx-java, micronaut"
56401968,How do I manually cancel / dispose of an RXJava2 Flowable?,https://stackoverflow.com/questions/56401968/how-do-i-manually-cancel-dispose-of-an-rxjava2-flowable,1,1,1305,2019-05-31 16:36:13,"java, android, rx-java2, filestack"
56324298,Create Flowable from while loop,https://stackoverflow.com/questions/56324298/create-flowable-from-while-loop,0,1,662,2019-05-27 05:30:10,"java, android, rx-java2, repository-pattern"
56327395,Flowable from Cache and other Flowable for DataSource using RxJava,https://stackoverflow.com/questions/56327395/flowable-from-cache-and-other-flowable-for-datasource-using-rxjava,0,1,334,2019-05-27 08:51:10,"java, rx-java, rx-java2, repository-pattern"
56330797,How to do action on Flowable,https://stackoverflow.com/questions/56330797/how-to-do-action-on-flowable,0,1,394,2019-05-27 13:20:43,"java, rx-java, rx-java2"
56157252,A Flowable with a flowable?,https://stackoverflow.com/questions/56157252/a-flowable-with-a-flowable,0,1,151,2019-05-15 15:36:24,"json, rx-java, reactive-programming, rx-java2"
56180393,Compare two flowable streams in Rx,https://stackoverflow.com/questions/56180393/compare-two-flowable-streams-in-rx,0,1,156,2019-05-17 00:53:16,"android, kotlin, android-room, reactive-streams"
40323307,Observable vs Flowable rxJava2,https://stackoverflow.com/questions/40323307/observable-vs-flowable-rxjava2,151,3,51737,2016-10-29 15:19:21,"java, android, rx-java"
51832373,flowable integration break jhipster maven integration tests,https://stackoverflow.com/questions/51832373/flowable-integration-break-jhipster-maven-integration-tests,0,1,212,2018-08-13 19:58:31,"java, jhipster, liquibase, flowable"
55824301,Start/stop a process instance in flowable,https://stackoverflow.com/questions/55824301/start-stop-a-process-instance-in-flowable,2,1,3025,2019-04-24 02:13:42,flowable
55689491,Observable is canceled by flatmapped flowable error,https://stackoverflow.com/questions/55689491/observable-is-canceled-by-flatmapped-flowable-error,0,1,167,2019-04-15 07:43:42,"android, rx-java2"
55709363,Bad Request response when passing a JSON in process variables - flowable,https://stackoverflow.com/questions/55709363/bad-request-response-when-passing-a-json-in-process-variables-flowable,0,1,326,2019-04-16 08:28:15,"json, http-post, flowable"
55632449,Flowable - Change deployment key,https://stackoverflow.com/questions/55632449/flowable-change-deployment-key,1,0,61,2019-04-11 07:23:41,flowable
55450485,How to modify mail task data with Spring Boot and Flowable,https://stackoverflow.com/questions/55450485/how-to-modify-mail-task-data-with-spring-boot-and-flowable,0,1,773,2019-04-01 03:03:43,"java, spring-boot, bpmn, flowable"
55647265,Integration test in Spring application using Flowable,https://stackoverflow.com/questions/55647265/integration-test-in-spring-application-using-flowable,0,1,1065,2019-04-12 03:16:00,"java, spring, activiti, flowable"
55606278,Using `onBackpressureLatest` to drop intermediate messages in blocking Flowable,https://stackoverflow.com/questions/55606278/using-onbackpressurelatest-to-drop-intermediate-messages-in-blocking-flowable,0,1,195,2019-04-10 01:44:33,"rx-java2, rx-kotlin2"
55557230,RxJava: Ignore some errors in a Flowable,https://stackoverflow.com/questions/55557230/rxjava-ignore-some-errors-in-a-flowable,2,2,624,2019-04-07 03:54:57,"kotlin, rx-java2, rx-kotlin2"
55568728,Flowable with Docker does not startup - Tomcat HTTP Status 404 â€“ Not Found,https://stackoverflow.com/questions/55568728/flowable-with-docker-does-not-startup-tomcat-http-status-404-not-found,1,0,611,2019-04-08 03:01:08,"docker, tomcat, catalina, flowable"
55522992,RxJava (+Room): Why Flowable&lt;List&lt;MyObject&gt;&gt; returns List&lt;List&lt;MyObject&gt;&gt;?,https://stackoverflow.com/questions/55522992/rxjava-room-why-flowablelistmyobject-returns-listlistmyobject,0,1,122,2019-04-04 13:45:11,"android, rx-java, rx-java2, android-room"
52235958,Flowable: CMMN modeler error converting CasePlanModel,https://stackoverflow.com/questions/52235958/flowable-cmmn-modeler-error-converting-caseplanmodel,1,1,361,2018-09-08 08:50:50,"java, bpmn, flowable"
55306351,How to perform the Efficient UnDeployment process in Flowable,https://stackoverflow.com/questions/55306351/how-to-perform-the-efficient-undeployment-process-in-flowable,0,1,446,2019-03-22 14:08:56,"java, spring-boot, activiti, bpmn, flowable"
55278657,Flowable: how to pass parameters to listener,https://stackoverflow.com/questions/55278657/flowable-how-to-pass-parameters-to-listener,0,1,872,2019-03-21 05:44:55,"java, flowable"
55179060,How to specify process duration - flowable,https://stackoverflow.com/questions/55179060/how-to-specify-process-duration-flowable,0,1,728,2019-03-15 04:11:52,"java, spring-boot, bpmn, flowable"
54825744,How to create a Flowable that completes as soon as its last subscriber cancels its subscription,https://stackoverflow.com/questions/54825744/how-to-create-a-flowable-that-completes-as-soon-as-its-last-subscriber-cancels-i,0,1,382,2019-02-22 06:06:52,"java, reactive-programming, rx-java2"
54984323,"Multiple Flowable observedOn single Scheduler, event not consumed in same order as emitted",https://stackoverflow.com/questions/54984323/multiple-flowable-observedon-single-scheduler-event-not-consumed-in-same-order,0,1,98,2019-03-04 08:29:08,"java, rx-java2, scheduler, backpressure"
54895866,Flowable inside of ViewHolder,https://stackoverflow.com/questions/54895866/flowable-inside-of-viewholder,0,2,1172,2019-02-26 18:36:53,"android, kotlin, android-recyclerview, rx-java, rx-java2"
54836801,How to keep track of the number of emits in flowable?,https://stackoverflow.com/questions/54836801/how-to-keep-track-of-the-number-of-emits-in-flowable,0,2,39,2019-02-22 18:57:07,"android, rx-java, rx-java2"
54492039,Kotlin extension function on subsbcribing to RxJava&#39;s Flowable data,https://stackoverflow.com/questions/54492039/kotlin-extension-function-on-subsbcribing-to-rxjavas-flowable-data,0,1,348,2019-02-02 05:14:49,"android, kotlin, rx-java2, reactive"
54745763,Get result of the subscribe method of Flowable,https://stackoverflow.com/questions/54745763/get-result-of-the-subscribe-method-of-flowable,1,1,373,2019-02-18 06:00:20,"android, kotlin, rx-java2"
54316683,Single with flowable?,https://stackoverflow.com/questions/54316683/single-with-flowable,0,2,895,2019-01-22 16:27:02,"kotlin, rx-java2"
52970265,Create a custom Flowable task,https://stackoverflow.com/questions/52970265/create-a-custom-flowable-task,0,1,406,2018-10-24 08:28:34,"java, spring-boot, tomcat, business-process-management, flowable"
52386735,Flowable deploy the flowable application on the Flowable UI,https://stackoverflow.com/questions/52386735/flowable-deploy-the-flowable-application-on-the-flowable-ui,1,2,3313,2018-09-18 07:35:39,"java, flowable"
54308931,RxJava - how to see Flowable and backpressure in action?,https://stackoverflow.com/questions/54308931/rxjava-how-to-see-flowable-and-backpressure-in-action,2,1,382,2019-01-22 08:03:25,"android, kotlin, rx-java2"
54244160,Read Forms from BAR file - Flowable in code -,https://stackoverflow.com/questions/54244160/read-forms-from-bar-file-flowable-in-code,0,0,234,2019-01-17 15:56:49,"forms, flowable"
54195283,RxJava Merge Flowable and Completable,https://stackoverflow.com/questions/54195283/rxjava-merge-flowable-and-completable,4,2,2243,2019-01-15 03:40:41,"java, rx-java2"
54116679,Avoiding same-pool deadlocks when using Flowable in Reactive Extensions,https://stackoverflow.com/questions/54116679/avoiding-same-pool-deadlocks-when-using-flowable-in-reactive-extensions,0,1,504,2019-01-09 14:02:30,"android, kotlin, rx-java2, deadlock"
53743712,Flowable to Observable in Kotlin with Rx,https://stackoverflow.com/questions/53743712/flowable-to-observable-in-kotlin-with-rx,1,0,442,2018-12-12 08:06:03,"observable, rx-java"
53548299,RxJava2: Using Flowable with zipWith,https://stackoverflow.com/questions/53548299/rxjava2-using-flowable-with-zipwith,0,1,595,2018-11-29 17:04:42,rx-java2
53496149,How do I start an RxJava chain conditionally with a Completable into a Flowable?,https://stackoverflow.com/questions/53496149/how-do-i-start-an-rxjava-chain-conditionally-with-a-completable-into-a-flowable,1,1,294,2018-11-27 04:10:42,"android, kotlin, rx-java2"
53411460,how to ... Rxjava flowable process on get count,https://stackoverflow.com/questions/53411460/how-to-rxjava-flowable-process-on-get-count,1,1,915,2018-11-21 06:51:51,"rx-java, rx-java2"
53345599,Subscriber of Room&#39;s DAO method returning Flowable is not notified about inserted entities,https://stackoverflow.com/questions/53345599/subscriber-of-rooms-dao-method-returning-flowable-is-not-notified-about-inserte,0,1,198,2018-11-16 16:25:15,"android, rx-java2, android-room"
53333395,LiveDataReactiveStreams: converting Flowable to LiveData doesn&#39;t work,https://stackoverflow.com/questions/53333395/livedatareactivestreams-converting-flowable-to-livedata-doesnt-work,2,1,3884,2018-11-16 02:40:26,"android, rx-java, rx-java2, android-architecture-components, android-livedata"
52790933,Convert Flowables&lt;Item&gt; to Flowable&lt;List&lt;Item&gt;&gt; or other observable,https://stackoverflow.com/questions/52790933/convert-flowablesitem-to-flowablelistitem-or-other-observable,0,2,2028,2018-10-13 03:12:02,"android, android-studio, rx-java"
53003771,RxJava2 Flowable onErrorReturn not called,https://stackoverflow.com/questions/53003771/rxjava2-flowable-onerrorreturn-not-called,0,1,598,2018-10-26 02:40:27,"kotlin, exception, broadcastreceiver, rx-java2"
52966919,Flowable concatMapSingle without prefetch to ignore clicks until processing finishes,https://stackoverflow.com/questions/52966919/flowable-concatmapsingle-without-prefetch-to-ignore-clicks-until-processing-fini,1,1,610,2018-10-24 05:41:13,"kotlin, rx-java2"
52832352,Emit from single when flowable emits,https://stackoverflow.com/questions/52832352/emit-from-single-when-flowable-emits,0,1,150,2018-10-16 04:34:12,"android, rx-java, rx-java2"
52651320,RX Java all elements in a flowable reach certain condition,https://stackoverflow.com/questions/52651320/rx-java-all-elements-in-a-flowable-reach-certain-condition,1,1,137,2018-10-04 11:16:02,"java, amazon-s3, rx-java"
52625703,Not able to handle error while using Flowable in Rxjava,https://stackoverflow.com/questions/52625703/not-able-to-handle-error-while-using-flowable-in-rxjava,2,2,3028,2018-10-03 06:06:57,"rx-java, rx-java2"
52649799,RxJava Flowable Causing Unpredictable Stutter/Jank,https://stackoverflow.com/questions/52649799/rxjava-flowable-causing-unpredictable-stutter-jank,0,0,49,2018-10-04 09:56:19,"android, rx-java2, android-room"
52277110,RxJava2 changing type of Flowable object being returned by API,https://stackoverflow.com/questions/52277110/rxjava2-changing-type-of-flowable-object-being-returned-by-api,0,1,367,2018-09-11 08:30:11,"android, rx-java2, rx-android"
52322312,Multiple Flowable with FlowableEmitter,https://stackoverflow.com/questions/52322312/multiple-flowable-with-flowableemitter,1,0,189,2018-09-13 16:54:33,"android, websocket, rx-java2, rx-android, okhttp"
52107119,Room RxJava Flowable not emitting updates after insert,https://stackoverflow.com/questions/52107119/room-rxjava-flowable-not-emitting-updates-after-insert,3,2,1936,2018-08-30 19:48:14,android
51775827,Spring Boot 2.0.2 + Flowable 6.3.1 Process Deployment,https://stackoverflow.com/questions/51775827/spring-boot-2-0-2-flowable-6-3-1-process-deployment,0,1,1309,2018-08-09 16:10:47,"spring-boot, flowable"
51865671,Flowable not emitting when database changes,https://stackoverflow.com/questions/51865671/flowable-not-emitting-when-database-changes,0,1,847,2018-08-15 15:04:52,"android, rx-java2, flowable"
51850263,How to disable db migration (liquibase migration) from flowable docker images?,https://stackoverflow.com/questions/51850263/how-to-disable-db-migration-liquibase-migration-from-flowable-docker-images,0,1,458,2018-08-14 16:53:19,"docker, bpmn.io, flowable"
51783092,Zip `Observable` and `Flowable`,https://stackoverflow.com/questions/51783092/zip-observable-and-flowable,0,1,158,2018-08-10 04:19:02,"rx-java, rx-java2"
51752204,Modify each item from Flowable&lt;List&lt;Item&gt;&gt; depending on another Flowable&lt;List&lt;Item2&gt;&gt; in RxJava,https://stackoverflow.com/questions/51752204/modify-each-item-from-flowablelistitem-depending-on-another-flowablelistit,0,1,591,2018-08-08 12:13:05,rx-java2
45344841,Chain flowable to completable with action,https://stackoverflow.com/questions/45344841/chain-flowable-to-completable-with-action,1,2,962,2017-07-27 03:07:59,"android, sql, rx-android, android-room"
51427708,How should I return &quot;Observable/Flowable/Single&quot; &quot;onError&quot; in nested code?,https://stackoverflow.com/questions/51427708/how-should-i-return-observable-flowable-single-onerror-in-nested-code,1,2,941,2018-07-19 11:28:27,"android, firebase, kotlin, rx-java, android-room"
51397302,Why Flowable cannot be subscribed to Observer?,https://stackoverflow.com/questions/51397302/why-flowable-cannot-be-subscribed-to-observer,0,2,1450,2018-07-18 03:37:42,"android, rx-java2"
51258752,How to create observer for flowable in android,https://stackoverflow.com/questions/51258752/how-to-create-observer-for-flowable-in-android,0,0,471,2018-07-10 01:46:38,"android, rx-java2"
51243814,How to subscribe flowable in android rxJava 2.0,https://stackoverflow.com/questions/51243814/how-to-subscribe-flowable-in-android-rxjava-2-0,4,0,1507,2018-07-09 05:51:16,"android, rx-java2"
51144111,Converting Flowable&lt;List&lt;T&gt;&gt; to Single&lt;Boolean&gt;,https://stackoverflow.com/questions/51144111/converting-flowablelistt-to-singleboolean,0,1,562,2018-07-02 16:44:56,"android, kotlin, android-room, rx-kotlin"
51118268,How backpressure works for a hot flowable with multiple subscribers,https://stackoverflow.com/questions/51118268/how-backpressure-works-for-a-hot-flowable-with-multiple-subscribers,0,0,134,2018-06-30 15:31:31,rx-java2
51098826,RxJava Room with Flowable: Returning new rows only,https://stackoverflow.com/questions/51098826/rxjava-room-with-flowable-returning-new-rows-only,1,2,2342,2018-06-29 04:42:04,"android, rx-java, android-room"
51038085,When javarx2 Flowable subscribesOn Schedulers.computation what happens if tasks exceed thread pool size,https://stackoverflow.com/questions/51038085/when-javarx2-flowable-subscribeson-schedulers-computation-what-happens-if-tasks,0,1,81,2018-06-26 03:16:57,"java, multithreading, threadpool, rx-java2"
51002068,Select Flowable emits too slowly in room,https://stackoverflow.com/questions/51002068/select-flowable-emits-too-slowly-in-room,1,0,188,2018-06-23 09:20:51,"android, android-sqlite, rx-java2, android-room"
50287796,Kotlin RxJava2 Flowable PublishSubject doesn&#39;t emit data onNext,https://stackoverflow.com/questions/50287796/kotlin-rxjava2-flowable-publishsubject-doesnt-emit-data-onnext,1,1,648,2018-05-11 03:05:16,"kotlin, rx-java2"
49615053,Mail Service Task in Flowable throws api.FlowableException - java.net.ConnectException: Connection refused,https://stackoverflow.com/questions/49615053/mail-service-task-in-flowable-throws-api-flowableexception-java-net-connectexc,0,1,1244,2018-04-02 11:35:25,"spring-boot, activiti, flowable"
50955689,calling Completable action after dispose() on Flowable,https://stackoverflow.com/questions/50955689/calling-completable-action-after-dispose-on-flowable,0,1,496,2018-06-20 14:27:36,rx-java2
50942738,RxAndroid Room Flowable noClassDefError,https://stackoverflow.com/questions/50942738/rxandroid-room-flowable-noclassdeferror,0,0,192,2018-06-20 02:35:51,"android, android-room"
50818317,Zipping Room Flowable prevents updates,https://stackoverflow.com/questions/50818317/zipping-room-flowable-prevents-updates,5,1,612,2018-06-12 08:21:25,"android, rx-java2, android-room"
50800369,How to zip a List&lt;Flowable&gt; using RxJava2 in Kotlin?,https://stackoverflow.com/questions/50800369/how-to-zip-a-listflowable-using-rxjava2-in-kotlin,0,0,638,2018-06-11 09:43:21,"kotlin, rx-java2, rx-android"
50721394,Activiti / Flowable: Get all running instances of process,https://stackoverflow.com/questions/50721394/activiti-flowable-get-all-running-instances-of-process,1,1,1837,2018-06-06 08:14:05,"java, activiti, business-process-management, flowable"
50364168,Retrofit 2 and rxJava with Flowable concat handle several response,https://stackoverflow.com/questions/50364168/retrofit-2-and-rxjava-with-flowable-concat-handle-several-response,0,1,720,2018-05-16 01:51:31,"android, realm, rx-java2, rx-android"
50248201,Resume a Flowable on TimeoutException in RxJava,https://stackoverflow.com/questions/50248201/resume-a-flowable-on-timeoutexception-in-rxjava,3,3,1254,2018-05-09 02:51:10,"android, rx-java, reactive-programming, rx-java2"
50204067,Implement shared Flowable in RxKotlin with dynamic parameters,https://stackoverflow.com/questions/50204067/implement-shared-flowable-in-rxkotlin-with-dynamic-parameters,1,1,125,2018-05-06 15:08:38,"android, rx-java2, rx-android, rx-kotlin2"
50209197,"Android,Room,RxJava how to combine query results into one map and return as flowable",https://stackoverflow.com/questions/50209197/android-room-rxjava-how-to-combine-query-results-into-one-map-and-return-as-flow,1,1,807,2018-05-07 02:35:09,android
49135762,RxJava Flowable not calling Subscriber onNext when data changes in Room db,https://stackoverflow.com/questions/49135762/rxjava-flowable-not-calling-subscriber-onnext-when-data-changes-in-room-db,5,1,2120,2018-03-06 11:34:09,"android, rx-java2, android-room"
50101420,onComplete is not getting called when returning response as Flowable,https://stackoverflow.com/questions/50101420/oncomplete-is-not-getting-called-when-returning-response-as-flowable,1,1,1162,2018-04-30 08:18:32,"android, rx-java, retrofit2, rx-java2"
43169008,Android rxjava2 Flowable with compositedisposable,https://stackoverflow.com/questions/43169008/android-rxjava2-flowable-with-compositedisposable,2,2,7266,2017-04-02 08:40:09,"android, rx-java, observable"
49918103,RxJava2 Detect zero event condition with Flowable,https://stackoverflow.com/questions/49918103/rxjava2-detect-zero-event-condition-with-flowable,0,1,140,2018-04-19 04:56:51,"java, android, rx-java, reactive-programming, rx-java2"
49911761,How to emit a final item after all the items in the Flowable are emitted,https://stackoverflow.com/questions/49911761/how-to-emit-a-final-item-after-all-the-items-in-the-flowable-are-emitted,0,1,172,2018-04-18 21:25:21,"java, rx-java, rx-java2"
49664903,What is meaning of ! operator in Kotlin RxJava Flowable?,https://stackoverflow.com/questions/49664903/what-is-meaning-of-operator-in-kotlin-rxjava-flowable,2,1,145,2018-04-05 00:40:52,"java, android, kotlin, rx-java, rx-java2"
47382786,Resume flowable converted to live data after screen rotation,https://stackoverflow.com/questions/47382786/resume-flowable-converted-to-live-data-after-screen-rotation,1,1,1129,2017-11-19 17:41:25,"java, android, rx-java, android-architecture-components, android-livedata"
49634077,"Room with RxJava2 - (Flowable, Maybe, Repository Pattern)",https://stackoverflow.com/questions/49634077/room-with-rxjava2-flowable-maybe-repository-pattern,11,1,7225,2018-04-03 10:41:49,"android, rx-java, retrofit2, rx-java2, android-room"
49614366,Combining Flowable and Single with groupBy,https://stackoverflow.com/questions/49614366/combining-flowable-and-single-with-groupby,0,3,958,2018-04-02 10:49:11,"java, reactive-programming, rx-java2"
49608321,Merge a Flowable&lt;A&gt; with a Single&lt;B&gt;,https://stackoverflow.com/questions/49608321/merge-a-flowablea-with-a-singleb,1,1,171,2018-04-02 04:04:05,"java, reactive-programming, rx-java2"
49202012,RxJava2 Flowable zip async method invoke,https://stackoverflow.com/questions/49202012/rxjava2-flowable-zip-async-method-invoke,1,1,607,2018-03-09 15:55:44,"java, asynchronous, rx-java, rx-java2"
49160531,Why doesn&#39;t the Scala compiler infere the parameter type when subscribing to a Flowable with RxScala in Android?,https://stackoverflow.com/questions/49160531/why-doesnt-the-scala-compiler-infere-the-parameter-type-when-subscribing-to-a-f,1,0,41,2018-03-07 15:18:35,"android, scala, rx-java2, rx-android, rx-scala"
40947649,What is the difference between Observable and Flowable in RxJava 2.0?,https://stackoverflow.com/questions/40947649/what-is-the-difference-between-observable-and-flowable-in-rxjava-2-0,36,1,10567,2016-12-03 07:17:44,"java, rx-java"
49086606,Add Page Break before adding a Split with Flowable,https://stackoverflow.com/questions/49086606/add-page-break-before-adding-a-split-with-flowable,4,1,2042,2018-03-03 11:43:04,"python, reportlab"
49052142,Turn `matplotlib.pyplot` plot into `Flowable` object to embed in ReportLab PDF without external libraries,https://stackoverflow.com/questions/49052142/turn-matplotlib-pyplot-plot-into-flowable-object-to-embed-in-reportlab-pdf-w,0,0,294,2018-03-01 09:43:34,"python, matplotlib, reportlab"
48951140,Differentiate initial call with next emits in flowable,https://stackoverflow.com/questions/48951140/differentiate-initial-call-with-next-emits-in-flowable,1,1,91,2018-02-23 10:26:11,"android, rx-java, rx-java2"
48754154,How to properly stop rxjava Flowable?,https://stackoverflow.com/questions/48754154/how-to-properly-stop-rxjava-flowable,4,1,5340,2018-02-12 14:32:20,"rx-java, rx-java2"
48840087,Android repository-pattern &amp; RxJava: Use Flowable or Single?,https://stackoverflow.com/questions/48840087/android-repository-pattern-rxjava-use-flowable-or-single,2,2,1558,2018-02-17 04:59:30,"android, kotlin, rx-java2"
42471406,How to improve Flowable&lt;Object&gt; data reading from Firebase db using RxJava 2?,https://stackoverflow.com/questions/42471406/how-to-improve-flowableobject-data-reading-from-firebase-db-using-rxjava-2,6,1,426,2017-02-26 11:55:02,"firebase, firebase-realtime-database, observable, mvp, android-recyclerview"
46580705,How to listen HashMap value changes in separate thread making it Flowable?,https://stackoverflow.com/questions/46580705/how-to-listen-hashmap-value-changes-in-separate-thread-making-it-flowable,1,1,574,2017-10-05 03:02:53,"android, rx-java, rx-java2"
48407348,RxJava2. Flowable to behave same way as Observable does?,https://stackoverflow.com/questions/48407348/rxjava2-flowable-to-behave-same-way-as-observable-does,0,1,181,2018-01-23 12:14:26,"java, rx-java2"
48689211,How to create a extension function to make rx subscription to flowable cleaner?,https://stackoverflow.com/questions/48689211/how-to-create-a-extension-function-to-make-rx-subscription-to-flowable-cleaner,0,1,204,2018-02-08 10:35:11,"android, kotlin, rx-java2, rx-android, rx-kotlin"
48585491,Room flowable invokes multiple times,https://stackoverflow.com/questions/48585491/room-flowable-invokes-multiple-times,3,1,1236,2018-02-02 10:06:14,"android, rx-java2, rx-android, android-room"
48478090,Room with Flowable: initialize database if it&#39;s empty,https://stackoverflow.com/questions/48478090/room-with-flowable-initialize-database-if-its-empty,1,2,1937,2018-01-27 11:50:19,"android, kotlin, rx-java, rx-java2, android-room"
48458884,How can I do a painless switch from Observable to Flowable?,https://stackoverflow.com/questions/48458884/how-can-i-do-a-painless-switch-from-observable-to-flowable,0,0,607,2018-01-26 04:45:11,"rx-java, rx-java2"
48385496,What is the resources consuming when Observable switched to Flowable,https://stackoverflow.com/questions/48385496/what-is-the-resources-consuming-when-observable-switched-to-flowable,0,0,109,2018-01-22 10:52:47,"java, observable, rx-java2, vert.x, backpressure"
48269658,Group some part of the flowable stream,https://stackoverflow.com/questions/48269658/group-some-part-of-the-flowable-stream,0,1,106,2018-01-15 14:42:42,"android, rx-java, rx-java2"
48184260,Reportlab header out of flowable Table,https://stackoverflow.com/questions/48184260/reportlab-header-out-of-flowable-table,0,1,1407,2018-01-10 04:34:36,"python-3.x, reportlab"
48148945,RxJava merge with user created Flowable only emit the last Flowable,https://stackoverflow.com/questions/48148945/rxjava-merge-with-user-created-flowable-only-emit-the-last-flowable,1,1,440,2018-01-08 06:01:45,"java, rx-java, rx-java2"
48012993,Rx + Retrofit + Room - combine Single and Flowable,https://stackoverflow.com/questions/48012993/rx-retrofit-room-combine-single-and-flowable,1,1,1061,2017-12-28 14:06:15,"retrofit2, rx-java2, rx-android, android-room"
48004193,Get Single based on return value of Flowable and merge result,https://stackoverflow.com/questions/48004193/get-single-based-on-return-value-of-flowable-and-merge-result,0,1,2023,2017-12-28 03:34:23,rx-java2
47995779,Combine results from one Flowable with another,https://stackoverflow.com/questions/47995779/combine-results-from-one-flowable-with-another,1,0,343,2017-12-27 11:48:26,"android, rx-java2"
47976737,Room Flowable does not emit data on insertion,https://stackoverflow.com/questions/47976737/room-flowable-does-not-emit-data-on-insertion,2,1,1959,2017-12-26 04:54:49,"android, rx-java2, android-room, android-database, android-architecture-components"
47781489,Retrofit and RxJava: Combine Flowable with Observable to get result,https://stackoverflow.com/questions/47781489/retrofit-and-rxjava-combine-flowable-with-observable-to-get-result,0,1,1162,2017-12-12 16:03:28,"android, retrofit, rx-java2"
47772415,"RxJava2, completing a cold source (Flowable) explicitly",https://stackoverflow.com/questions/47772415/rxjava2-completing-a-cold-source-flowable-explicitly,1,1,753,2017-12-12 07:16:19,"java, rx-java2"
47726040,Flowable concat source1 and source2 to return source2 if the source1 is not avilable,https://stackoverflow.com/questions/47726040/flowable-concat-source1-and-source2-to-return-source2-if-the-source1-is-not-avil,1,0,183,2017-12-09 01:37:50,"android, unit-testing, rx-java2"
47705908,RXJava 2 Flowable`s mergeWith not merging,https://stackoverflow.com/questions/47705908/rxjava-2-flowables-mergewith-not-merging,4,1,6203,2017-12-07 19:19:01,"android, rx-java2"
47401166,Transform a Flowable of Single&#39;s&lt;User&gt; into a Flowable of List&lt;User&gt;,https://stackoverflow.com/questions/47401166/transform-a-flowable-of-singlesuser-into-a-flowable-of-listuser,2,1,2916,2017-11-20 16:14:24,"android, rx-java, rx-java2"
47226561,Filtering data using RXJava2 Flowable,https://stackoverflow.com/questions/47226561/filtering-data-using-rxjava2-flowable,3,1,2503,2017-11-10 10:49:51,"android, rx-java2, android-room"
47219130,Flowable Subscriber: What request() method does actually?,https://stackoverflow.com/questions/47219130/flowable-subscriber-what-request-method-does-actually,3,1,1659,2017-11-10 04:06:30,"android, rx-java, rx-java2"
47196247,Create a flowable with generate function using RxJava2,https://stackoverflow.com/questions/47196247/create-a-flowable-with-generate-function-using-rxjava2,0,1,1015,2017-11-09 02:30:20,"java, kotlin, observable, rx-java2, backpressure"
47054584,How to organize request from ROOM DB which Flowable&lt;List&gt; and could work with toList()?,https://stackoverflow.com/questions/47054584/how-to-organize-request-from-room-db-which-flowablelist-and-could-work-with-to,0,1,159,2017-11-01 07:14:09,"android, rx-java2, android-room"
47058330,How to get Flowable&lt;List&lt;Foo&gt;&gt; from &#39;Bar&#39; Object with One-to-many relations &#39;Foo&#39; using realm and Rxjava,https://stackoverflow.com/questions/47058330/how-to-get-flowablelistfoo-from-bar-object-with-one-to-many-relations-foo,0,2,591,2017-11-01 10:30:07,"java, android, kotlin, realm, rx-android"
47000608,Room flowable cache,https://stackoverflow.com/questions/47000608/room-flowable-cache,2,1,1053,2017-10-29 08:17:15,"android, rx-java, rx-android, android-room"
46966600,How to iterate a Flowable from the result of a Single,https://stackoverflow.com/questions/46966600/how-to-iterate-a-flowable-from-the-result-of-a-single,1,1,995,2017-10-26 21:26:54,"retrofit2, rx-java2"
46923599,"RxJava2, 2 subscribers for an Observable/Flowable but onNext getting called on any one",https://stackoverflow.com/questions/46923599/rxjava2-2-subscribers-for-an-observable-flowable-but-onnext-getting-called-on-a,2,2,1950,2017-10-24 22:43:06,"rx-java, rx-java2, watchservice"
46879929,Can I fetch the list of items and based on id get unique list and have in one Flowable both lists?,https://stackoverflow.com/questions/46879929/can-i-fetch-the-list-of-items-and-based-on-id-get-unique-list-and-have-in-one-fl,0,1,473,2017-10-22 17:51:22,"android, rx-java, rx-android, rx-java2"
44358683,Emit each item from Flowable Room ORM,https://stackoverflow.com/questions/44358683/emit-each-item-from-flowable-room-orm,4,3,3707,2017-06-04 15:54:33,"android, rx-java2, android-room"
46885324,Converting an Observable to a Flowable with backpressure in RxJava2,https://stackoverflow.com/questions/46885324/converting-an-observable-to-a-flowable-with-backpressure-in-rxjava2,2,1,4726,2017-10-23 03:52:35,"java, android, kotlin, rx-java, rx-java2"
46863496,Realm with RxJava2 Flowable incorrect thread,https://stackoverflow.com/questions/46863496/realm-with-rxjava2-flowable-incorrect-thread,0,1,1253,2017-10-21 08:02:43,"realm, rx-java2"
46853493,Manually trigger a RxJava combinelatest flowable,https://stackoverflow.com/questions/46853493/manually-trigger-a-rxjava-combinelatest-flowable,0,1,923,2017-10-20 11:33:23,"android, rx-java2, combinelatest"
45817010,Flowable not updated after inserting data inside a transaction,https://stackoverflow.com/questions/45817010/flowable-not-updated-after-inserting-data-inside-a-transaction,1,1,376,2017-08-22 06:57:31,"java, rx-java2, android-room"
46711017,Is there a way to see what a Flowable expression evaluates to?,https://stackoverflow.com/questions/46711017/is-there-a-way-to-see-what-a-flowable-expression-evaluates-to,1,0,399,2017-10-12 08:33:53,"java, el, activiti, bpmn, camunda"
46621896,Flowable runs on main thread even though subscribeOn() is called on another thread,https://stackoverflow.com/questions/46621896/flowable-runs-on-main-thread-even-though-subscribeon-is-called-on-another-thre,1,0,650,2017-10-07 10:25:45,"android, rx-android, rx-java2"
46528744,How map Observable object to Flowable&lt;?&gt; ?,https://stackoverflow.com/questions/46528744/how-map-observable-object-to-flowable,1,2,1729,2017-10-02 10:32:39,"android, observable, rx-java2"
46541385,Rxjava2 flowable not firing onComplete,https://stackoverflow.com/questions/46541385/rxjava2-flowable-not-firing-oncomplete,3,1,2605,2017-10-03 04:30:42,"android, rx-java2, android-room"
46501045,Flowable or Observable for network Requests?,https://stackoverflow.com/questions/46501045/flowable-or-observable-for-network-requests,4,0,1966,2017-09-30 03:34:10,"android, rx-java, rx-java2"
46385929,Flowable create user defined tables with mysql using datasource configuration &amp; springboot,https://stackoverflow.com/questions/46385929/flowable-create-user-defined-tables-with-mysql-using-datasource-configuration,0,1,707,2017-09-23 21:12:31,"java, mysql, sqldatasource, activiti, bpmn"
46389410,RxJava. Join all the items from two Observable / Flowable streams,https://stackoverflow.com/questions/46389410/rxjava-join-all-the-items-from-two-observable-flowable-streams,0,1,904,2017-09-24 06:08:44,"rx-java, reactive-programming"
44473859,Creating a Flowable that emits items at a limited rate to avoid the need to buffer events,https://stackoverflow.com/questions/44473859/creating-a-flowable-that-emits-items-at-a-limited-rate-to-avoid-the-need-to-buff,1,1,1170,2017-06-10 08:30:00,"java, multithreading, java-8, rx-java2"
46324599,How can I continue to listen changes of 2 flowable list in the combined list?,https://stackoverflow.com/questions/46324599/how-can-i-continue-to-listen-changes-of-2-flowable-list-in-the-combined-list,0,1,206,2017-09-20 09:20:06,"android, rx-java, rx-java2"
46177007,Retrofit2 + RxJava2 Flowable for HTTPs request,https://stackoverflow.com/questions/46177007/retrofit2-rxjava2-flowable-for-https-request,2,1,810,2017-09-12 07:56:07,"android, retrofit2, rx-java2"
45993981,How to have 2 sequently two retrofit requests and receive as a result Flowable&lt;List&lt;InfoDetail&gt;&gt;?,https://stackoverflow.com/questions/45993981/how-to-have-2-sequently-two-retrofit-requests-and-receive-as-a-result-flowablel,0,1,124,2017-09-01 00:48:23,"android, retrofit2, rx-java2"
45897104,Test RxJava2 Flowable Query Room,https://stackoverflow.com/questions/45897104/test-rxjava2-flowable-query-room,8,2,2705,2017-08-26 10:42:01,"kotlin, rx-java2, android-room"
45908578,Change Flowable&lt;List&lt;Obj1&gt;&gt; to Flowable&lt;List&lt;Obj2&gt;&gt; in room,https://stackoverflow.com/questions/45908578/change-flowablelistobj1-to-flowablelistobj2-in-room,3,1,630,2017-08-27 14:31:00,"android, kotlin, rx-java2, android-room"
45877737,Create a flowable with backpressure from a sequence of async HTTP requests using RxJava2,https://stackoverflow.com/questions/45877737/create-a-flowable-with-backpressure-from-a-sequence-of-async-http-requests-using,0,1,1239,2017-08-25 03:52:26,"rx-java, rx-java2"
45855239,Converting Akka Sources to RxJava2 Flowable?,https://stackoverflow.com/questions/45855239/converting-akka-sources-to-rxjava2-flowable,1,1,243,2017-08-24 02:15:10,"java, akka, rx-java, rx-java2"
45608223,why method with Flowable&lt;List&gt; of Room DAO never completes?,https://stackoverflow.com/questions/45608223/why-method-with-flowablelist-of-room-dao-never-completes,2,3,2123,2017-08-10 03:23:32,"android, rx-java, rx-java2"
45803754,RxJava different output between Flowable and Observable with Window and Groupby,https://stackoverflow.com/questions/45803754/rxjava-different-output-between-flowable-and-observable-with-window-and-groupby,0,1,301,2017-08-21 13:43:56,"kotlin, reactive-programming, rx-java2"
45655498,Why defining Flowable I could receive updates of the DB,https://stackoverflow.com/questions/45655498/why-defining-flowable-i-could-receive-updates-of-the-db,7,2,138,2017-08-12 17:34:56,"android, persistence, rx-java"
45658279,Kotlin unable to infer type when using method reference in Flowable,https://stackoverflow.com/questions/45658279/kotlin-unable-to-infer-type-when-using-method-reference-in-flowable,3,1,524,2017-08-13 02:57:25,"kotlin, type-inference, rx-java2, flatmap"
43058181,RxJava2.0 Observable vs ( Flowable + onBackPressureDrop() ),https://stackoverflow.com/questions/43058181/rxjava2-0-observable-vs-flowable-onbackpressuredrop,0,1,1650,2017-03-27 18:35:33,rx-java2
45441074,Multiple retrofit2 requests using Flowable in Kotlin,https://stackoverflow.com/questions/45441074/multiple-retrofit2-requests-using-flowable-in-kotlin,1,2,1871,2017-08-01 09:48:34,"android, kotlin, retrofit2, rx-kotlin"
45444897,How to emmit no data by Flowable for unit tests?,https://stackoverflow.com/questions/45444897/how-to-emmit-no-data-by-flowable-for-unit-tests,0,1,570,2017-08-01 13:08:01,"android, unit-testing, kotlin, rx-java"
45176982,Why doesn&#39;t my RxJava Flowable respect backpressure when using observeOn?,https://stackoverflow.com/questions/45176982/why-doesnt-my-rxjava-flowable-respect-backpressure-when-using-observeon,5,1,1099,2017-07-18 16:01:10,"java, multithreading, rx-java, reactivex"
45135137,Understanding flowable backpressure rxjava2,https://stackoverflow.com/questions/45135137/understanding-flowable-backpressure-rxjava2,2,1,1697,2017-07-16 21:23:29,rx-java2
45043127,"How to continue with merged Flowable of InputStreams if one is closed, RxJava 2.x",https://stackoverflow.com/questions/45043127/how-to-continue-with-merged-flowable-of-inputstreams-if-one-is-closed-rxjava-2,1,1,1455,2017-07-11 14:34:36,"java, java-8, inputstream, rx-java2"
45076891,Large amounts of messages makes Flowable rather slow,https://stackoverflow.com/questions/45076891/large-amounts-of-messages-makes-flowable-rather-slow,0,0,77,2017-07-13 04:39:45,rx-java2
45037299,How can I update a JavaFX progress bar from RxJava Flowable?,https://stackoverflow.com/questions/45037299/how-can-i-update-a-javafx-progress-bar-from-rxjava-flowable,1,1,277,2017-07-11 09:24:07,"java, rx-java2"
45028277,Disable Flowable/Observable Buffer,https://stackoverflow.com/questions/45028277/disable-flowable-observable-buffer,4,1,509,2017-07-11 02:39:04,"java, java-8, rx-java, reactive-programming, rx-java2"
44920570,RxJava2 subscribe stops observing after a while but continues when flowable completes,https://stackoverflow.com/questions/44920570/rxjava2-subscribe-stops-observing-after-a-while-but-continues-when-flowable-comp,4,1,987,2017-07-05 03:14:55,"rx-java, rx-java2"
44923365,RxJava2 Flowable do not call to onNext method in Subscriber,https://stackoverflow.com/questions/44923365/rxjava2-flowable-do-not-call-to-onnext-method-in-subscriber,3,1,1656,2017-07-05 05:16:35,"java, android, rx-java, rx-java2"
44590429,How to make sequently requests in RxJava2 as I stuck when having Flowable Data?,https://stackoverflow.com/questions/44590429/how-to-make-sequently-requests-in-rxjava2-as-i-stuck-when-having-flowable-data,0,1,78,2017-06-16 08:25:41,"android, rx-java2"
44525951,Rx concatWith() return only first Flowable result,https://stackoverflow.com/questions/44525951/rx-concatwith-return-only-first-flowable-result,0,1,2691,2017-06-13 10:38:03,"android, rx-java, rx-java2"
44373463,Emit one List item at a time from a Flowable,https://stackoverflow.com/questions/44373463/emit-one-list-item-at-a-time-from-a-flowable,6,2,16123,2017-06-05 11:29:43,"java, rx-java, rx-java2"
44228218,Mock Flowable wrapped http response with Mockito,https://stackoverflow.com/questions/44228218/mock-flowable-wrapped-http-response-with-mockito,0,1,1279,2017-05-28 09:12:42,"java, android, unit-testing, mockito, rx-java"
44165351,Critique my Realm to RxJava 2 Flowable method,https://stackoverflow.com/questions/44165351/critique-my-realm-to-rxjava-2-flowable-method,1,0,367,2017-05-24 12:47:08,"java, android, realm, rx-java, rx-java2"
39207964,How to use Flowable in RxJava 2?,https://stackoverflow.com/questions/39207964/how-to-use-flowable-in-rxjava-2,11,2,14972,2016-08-29 08:50:01,"java, android, rx-java, rx-android"
43958828,Two sequence of Flowable don&#39;t reach the to toList(),https://stackoverflow.com/questions/43958828/two-sequence-of-flowable-dont-reach-the-to-tolist,1,1,645,2017-05-13 18:09:14,"android, rx-java, rx-android, rx-java2"
43791717,RxJava: Split Rx Flowable into multiple streams,https://stackoverflow.com/questions/43791717/rxjava-split-rx-flowable-into-multiple-streams,1,1,1780,2017-05-04 14:52:14,"java, stream, rx-java"
43647284,What are the actual advantages of Observable over Flowable?,https://stackoverflow.com/questions/43647284/what-are-the-actual-advantages-of-observable-over-flowable,7,2,933,2017-04-26 20:44:28,"rx-java, rx-java2"
43334099,How to use RxTextView switchMap with Flowable data?,https://stackoverflow.com/questions/43334099/how-to-use-rxtextview-switchmap-with-flowable-data,2,1,957,2017-04-10 17:51:59,"android, rx-java, observable, rx-android, rx-java2"
43260495,Collect results of 2 parallel Publishers in Flowable,https://stackoverflow.com/questions/43260495/collect-results-of-2-parallel-publishers-in-flowable,0,1,507,2017-04-06 11:12:05,"android, rx-java, reactive-programming, rx-android"
42991004,"Flowable does not call onNext, onComplete of subscriber",https://stackoverflow.com/questions/42991004/flowable-does-not-call-onnext-oncomplete-of-subscriber,1,0,256,2017-03-23 22:40:08,"rx-java, rx-android"
42918508,How to batch process a Flowable output in a chain in RxJava2,https://stackoverflow.com/questions/42918508/how-to-batch-process-a-flowable-output-in-a-chain-in-rxjava2,0,1,1276,2017-03-20 23:32:58,"rx-java, rx-java2"
40522934,Can each subscriber get different values from one Flowable?,https://stackoverflow.com/questions/40522934/can-each-subscriber-get-different-values-from-one-flowable,2,2,379,2016-11-10 03:23:57,"rx-java, rx-java2"
42467439,RxJava2 create Flowable from listener and remove listener at the end,https://stackoverflow.com/questions/42467439/rxjava2-create-flowable-from-listener-and-remove-listener-at-the-end,1,1,2124,2017-02-26 05:40:21,"java, android, rx-java2"
42234959,Invoking source-specific callbacks on a merged Observable/Flowable,https://stackoverflow.com/questions/42234959/invoking-source-specific-callbacks-on-a-merged-observable-flowable,0,0,181,2017-02-14 14:49:16,"java, rx-java, rx-java2"
42176634,How can I explicitly signal completion of a Flowable in RxJava?,https://stackoverflow.com/questions/42176634/how-can-i-explicitly-signal-completion-of-a-flowable-in-rxjava,5,2,3787,2017-02-11 08:50:47,"java, kotlin, rx-java2"
42031164,How to interrupt the published flowable,https://stackoverflow.com/questions/42031164/how-to-interrupt-the-published-flowable,0,1,1044,2017-02-03 13:53:49,"java, rx-java, rx-android"
41824177,How to subscribe several subscribers to Observable or Flowable?,https://stackoverflow.com/questions/41824177/how-to-subscribe-several-subscribers-to-observable-or-flowable,1,1,3550,2017-01-24 04:12:53,"rx-java, rx-java2"
41609463,Why not always use Flowable in rxjava2,https://stackoverflow.com/questions/41609463/why-not-always-use-flowable-in-rxjava2,7,1,451,2017-01-12 04:31:03,rx-java2
40242599,How to flatten a Flowable&lt;ListenableFuture&lt;List&lt;T&gt;&gt;&gt; to Flowable&lt;T&gt; asynchronously?,https://stackoverflow.com/questions/40242599/how-to-flatten-a-flowablelistenablefuturelistt-to-flowablet-asynchronous,1,1,1721,2016-10-25 09:24:29,rx-java
39625324,Writing synchronous unittests for Rx v2 Flowable,https://stackoverflow.com/questions/39625324/writing-synchronous-unittests-for-rx-v2-flowable,3,1,627,2016-09-21 14:47:17,"java, android, rx-java, reactive-programming, rx-android"
37005006,Splitting a ReportLab Flowable,https://stackoverflow.com/questions/37005006/splitting-a-reportlab-flowable,0,1,848,2016-05-03 08:05:35,"python, reportlab"
35494584,reportlab LayoutError: Flowable Spacer too large,https://stackoverflow.com/questions/35494584/reportlab-layouterror-flowable-spacer-too-large,4,1,1704,2016-02-18 18:31:31,reportlab
22484904,Russian String Formatting in Flowable,https://stackoverflow.com/questions/22484904/russian-string-formatting-in-flowable,0,1,538,2014-03-18 11:11:13,"python, reportlab"
